"Record ID","Batch ID","BusinessNameLookup","Cannabinoids Customer View","Data Input Into METRC","Date Accepted","Date Destroyed","Dry Mass","Hide Potential Cannabinoids On Reports","License Number","Manifest ID","METRC Number","Notes","Package Amount","Product Name","Product Type","Report Approval","Report Generation","ResidualSolvents Customer View","Rush Order","Sample ID","none","Sample Mass","Sub Sample Mass Cannabinoids","Sub Sample Mass Residual Solvents","Sub Sample Mass Terpenes","Storage Location","Terpenes Customer View","Test Completion","Tests To Perform","Unused Product Mass","Weighboat","Wet Mass","Created By User","Created"
"206429","SYR","CW Botanicals",,,"8/26/2015",,,,"000-00000","123456","SYR-3","Heavy Metals",,"Syringe","Liquid Edible",,,,,"206429",,,,,,"S4-I17",,,,,,,"Jessica Reedy<jreedy@phytatech.com>","8/26/15 4:50 PM"
"206428","SYR","CW Botanicals",,,"8/26/2015",,,,"000-00000","123456","SYR-2","Heavy Metals",,"Syringe","Liquid Edible",,,,,"206428",,,,,,"S4-I17",,,,,,,"Jessica Reedy<jreedy@phytatech.com>","8/26/15 4:49 PM"
"206427","SYR","CW Botanicals",,,"8/26/2015",,,,"000-00000","123456","SYR-1","Heavy Metals",,"Syringe","Liquid Edible",,,,,"206427",,,,,,"S4-I17",,,,,,,"Jessica Reedy<jreedy@phytatech.com>","8/26/15 4:48 PM"
"206426","Aug C","CW Botanicals",,,"8/26/2015",,,,"000-00000","123456","Aug C-3","Heavy Metals",,"Aug C-3","Concentrate",,,,,"206426",,0.6,,,,"S4-I17",,,,,,,"Jessica Reedy<jreedy@phytatech.com>","8/26/15 4:43 PM"
"206425","Aug C","CW Botanicals",,,"8/26/2015",,,,"000-00000","123456","Aug C-2","Heavy Metals",,"Aug C-2","Concentrate",,,,,"206425",,0.6,,,,"S4-I17",,,,,,,"Jessica Reedy<jreedy@phytatech.com>","8/26/15 4:42 PM"
"206424","Aug C","CW Botanicals",,,"8/26/2015",,,,"000-00000","123456","Aug C-1","Heavy Metals",,"Aug C-1","Concentrate",,,,,"206424",,0.6,,,,"S4-I17",,,,,,,"Jessica Reedy<jreedy@phytatech.com>","8/26/15 4:42 PM"
"206423","Aug B","CW Botanicals",,,"8/26/2015",,,,"000-00000","123456","Aug B-3","Heavy Metals",,"Aug B-3","Concentrate",,,,,"206423",,1,,,,"S4-I17",,,,,,,"Jessica Reedy<jreedy@phytatech.com>","8/26/15 4:40 PM"
"206422","Aug B","CW Botanicals",,,"8/26/2015",,,,"000-00000","123456","Aug B-2","Heavy Metals",,"Aug B-2","Concentrate",,,,,"206422",,1,,,,"S4-I17",,,,,,,"Jessica Reedy<jreedy@phytatech.com>","8/26/15 4:39 PM"
"206421","Aug B","CW Botanicals",,,"8/26/2015",,,,"000-00000","123456","Aug B-1","Heavy Metals",,"Aug B-1","Concentrate",,,,,"206421",,1,,,,"S4-I17",,,,,,,"Jessica Reedy<jreedy@phytatech.com>","8/26/15 4:38 PM"
"206420","Aug A","CW Botanicals",,,"8/26/2015",,,,"000-00000","123456","Aug A-3","Heavy Metals",,"Aug A-3","Concentrate",,,,,"206420",,0.6,,,,"S4-I17",,,,,,,"Jessica Reedy<jreedy@phytatech.com>","8/26/15 4:37 PM"
"206419","Aug A","CW Botanicals",,,"8/26/2015",,,,"000-00000","123456","Aug A-2","Heavy Metals",,"Aug A-2","Concentrate",,,,,"206419",,0.6,,,,"S4-I17",,,,,,,"Jessica Reedy<jreedy@phytatech.com>","8/26/15 4:36 PM"
"206418","Aug A","CW Botanicals",,,"8/26/2015",,,,"000-00000","123456","Aug A-1","Heavy Metals",,"Aug A-1","Concentrate",,,,,"206418",,0.6,,,,"S4-I17",,,,,,,"Jessica Reedy<jreedy@phytatech.com>","8/26/15 4:35 PM"
"206417","INT-00051","CW Botanicals",,,"8/26/2015",,,,"000-00000","123456","INT-00051","Heavy Metals",,"Hemp Sample","Concentrate",,,,,"206417",,1,,,,"S4-I17",,,,,,,"Jessica Reedy<jreedy@phytatech.com>","8/26/15 4:33 PM"
"206416","INT-00050","CW Botanicals",,,"8/26/2015",,,,"000-00000","123456","INT-00050","Heavy Metals",,"Hemp Sample","Concentrate",,,,,"206416",,1,,,,,,,,,,,"Jessica Reedy<jreedy@phytatech.com>","8/26/15 4:32 PM"
"206415","INT-00054","CW Botanicals",,,"8/26/2015",,,,"000-00000","123456","INT-00054",,,"Hemp Sample","Concentrate",,,,,"206415",,1,,,,"S4-I17",,,,,,,"Jessica Reedy<jreedy@phytatech.com>","8/26/15 4:31 PM"
"206414","A00086","CW Botanicals",,,"8/26/2015",,,,"000-00000","123456","A00086","Heavy Metals",30,"Hemp Sample","Liquid Edible",,,,,"206414",,1,,,,"S4-I17",,,,1,,,"Jessica Reedy<jreedy@phytatech.com>","8/26/15 4:29 PM"
"206413","A00083","CW Botanicals",,,"8/26/2015",,,,"000-00000","123456","A00083","Heavy Metals",30,"Hemp Sample","Liquid Edible",,,,,"206413",,1,,,,"S4-I17",,,,1,,,"Jessica Reedy<jreedy@phytatech.com>","8/26/15 4:28 PM"
"206412","A00088","CW Botanicals",,,"8/26/2015",,,,"000-00000","123456","A00088","Heavy Metals",30,"Hemp Sample","Liquid Edible",,,,,"206412",,1,,,,"S4-I17",,,,1,,,"Jessica Reedy<jreedy@phytatech.com>","8/26/15 4:25 PM"
"206411","DANR.08.27.LJ.1","Conscious Confections (Native Roots)",,,"8/26/2015",,,"True","404R-00006","479645","1A4000312687486000002781",,,"Lifesaver Jones","Concentrate",,,,,"206411",,0.5,,,,"S6",,,"Residual Solvents",,,,"Sarah Otis<sarahotis68@gmail.com>","8/26/15 2:59 PM"
"206410","DANR.08.27.LJ.1","Conscious Confections (Native Roots)",,,"8/26/2015",,,"True","404R-00006","479645","1A4000312687486000002780",,,"Lifesaver Jones","Concentrate",,,,,"206410",,0.5,,,,"S4-I17",,,"Potency",,,,"Sarah Otis<sarahotis68@gmail.com>","8/26/15 2:57 PM"
"206409",,"Conscious Confections (Native Roots)",,,"8/26/2015",,,"True","404R-00006","479645","1A4000312687486000002565",,,"Lemon Kush Sap","Concentrate",,,,,"206409",,1,,,,"S6",,,"Residual Solvents",,,,"Sarah Otis<sarahotis68@gmail.com>","8/26/15 2:55 PM"
"206408",,"Conscious Confections (Native Roots)",,,"8/26/2015",,,"True","404R-00006","479645","1A4000312687486000002566",,,"Lemon Kush Sap","Concentrate",,,,,"206408",,1,,,,"S4-I17",,,"Potency",,,,"Sarah Otis<sarahotis68@gmail.com>","8/26/15 2:54 PM"
"206407","DANR.08.22.DMOG.1","Conscious Confections (Native Roots)",,,"8/26/2015",,,"True","404R-00006","479645","1A4000312687486000002561",,,"Deadman OG","Concentrate",,,,,"206407",,0.5,,,,"S6",,,"Residual Solvents",,,,"Sarah Otis<sarahotis68@gmail.com>","8/26/15 2:52 PM"
"206406","DANR.08.22.DMOG.1","Conscious Confections (Native Roots)",,,"8/26/2015",,,"True","404R-00006","479645","1A4000312687486000002562",,,"Deadman OG","Concentrate",,,,,"206406",,0.5,,,,"S4-I17",,,"Potency",,,,"Sarah Otis<sarahotis68@gmail.com>","8/26/15 2:50 PM"
"206405","GB 8-14-15","The Dandelion (Native Roots)",,,"8/26/2015",,"1.5871","True","403R-00479","476912","1A400031266EFBF000000677",,,"Mother's Milk","Flower",,,,,"206405",,1,,,,"S4-F12",,,"Potency",,,"1.6092","Sarah Otis<sarahotis68@gmail.com>","8/26/15 2:41 PM"
"206404","R8342","Left Bank LLC (Dixie)",,,"8/26/2015",,,,"404R-00010","479183","1A400031268748A000008347",,,"Kind Bar","Solid Edible",,,,"True","206404",,1,,,,"S4-I17",,,"Homogeneity",,,,"Sarah Otis<sarahotis68@gmail.com>","8/26/15 11:52 AM"
"206403","R8334, DDN-08.19.15-A","Left Bank LLC (Dixie)",,,"8/26/2015",,,,"404R-00010","479183","1A400031268748A000008346",,29.5,"Dew Drops - Natural","Liquid Edible",,,,,"206403",,1,,,,"S4-I17",,,"Homogeneity",1,,,"Sarah Otis<sarahotis68@gmail.com>","8/26/15 11:50 AM"
"206402","R1292","Left Bank LLC (Dixie)",,,"8/26/2015",,,,"404R-00010","479183","1A400031268748A000011295",,,"Strainwise Hybrid #2","Concentrate",,,,,"206402",,0.5,,,,"S4-I17",,,"Potency",,,,"Sarah Otis<sarahotis68@gmail.com>","8/26/15 11:49 AM"
"206401","031715-C","TR Scientific LLC",,,"8/26/2015",,,,"404R-00015","479404","1A400031268748F000001166",,,"Mob Boss Decarb","Concentrate",,,,"True","206401",,1.5,,,,"S6",,,"Potency, Residual Solvents, Terpenes",,,,"Sarah Otis<sarahotis68@gmail.com>","8/26/15 11:39 AM"
"206400","052615-A","TR Scientific LLC",,,"8/26/2015",,,,"404R-00015",,"1A400031268748F000001165",,,"OG Sky Decarb","Concentrate",,,,"True","206400",,1.5,,,,"S6",,,"Potency, Residual Solvents, Terpenes",,,,"Sarah Otis<sarahotis68@gmail.com>","8/26/15 11:38 AM"
"206399","042615-M","TR Scientific LLC",,,"8/26/2015",,,,"404R-00015","479404","1A400031268748F000001161",,,"Tri Kush + Orange Sour Dub Decarb","Concentrate",,,,"True","206399",,1.5,,,,"S6",,,"Potency, Residual Solvents, Terpenes",,,,"Sarah Otis<sarahotis68@gmail.com>","8/26/15 11:37 AM"
"206398","072115-D","TR Scientific LLC",,,"8/26/2015",,,,"404R-00015","479404","1A400031268748F000001160",,,"White Glass Slipper Decarb","Concentrate",,,,"True","206398",,1.5,,,,"S6",,,"Potency, Residual Solvents, Terpenes",,,,"Sarah Otis<sarahotis68@gmail.com>","8/26/15 11:36 AM"
"206397","082115-J","TR Scientific LLC",,,"8/26/2015",,,,"404R-00015","479404","1A400031268748F000001398",,,"A.R.C. Wax","Concentrate",,,,"True","206397",,1.1,,,,"S6",,,"Potency, Residual Solvents, Terpenes",,,,"Sarah Otis<sarahotis68@gmail.com>","8/26/15 11:34 AM"
"206396","082115-I","TR Scientific LLC",,,"8/26/2015",,,,"404R-00015","479404","1A400031268748F000001396",,,"Wifi Wax","Concentrate",,,,"True","206396",,1.1,,,,"S6",,,"Potency, Residual Solvents, Terpenes",,,,"Sarah Otis<sarahotis68@gmail.com>","8/26/15 11:33 AM"
"206395","082115-E","TR Scientific LLC",,,"8/26/2015",,,,"404R-00015","479404","1A400031268748F000001394",,,"Tahoe Headband Wax","Concentrate",,,,"True","206395",,1.1,,,,"S6",,,"Potency, Residual Solvents, Terpenes",,,,"Sarah Otis<sarahotis68@gmail.com>","8/26/15 11:32 AM"
"206394","082115-F","TR Scientific LLC",,,"8/26/2015",,,,"404R-00015","479404","1a400031268748f000001392",,,"A.R.C. Wax","Concentrate",,,,"True","206394",,1.1,,,,"S6",,,"Potency, Residual Solvents, Terpenes",,,,"Sarah Otis<sarahotis68@gmail.com>","8/26/15 11:31 AM"
"206393","082115-B","TR Scientific LLC",,,"8/26/2015",,,,"404R-00015","479404","1A400031268748F000001390",,,"Bubba Glue Wax","Concentrate",,,,"True","206393",,1.1,,,,"S6",,,"Potency, Residual Solvents, Terpenes",,,,"Sarah Otis<sarahotis68@gmail.com>","8/26/15 11:29 AM"
"206392","081815-F","TR Scientific LLC",,,"8/26/2015",,,,"404R-00015","479404","1A400031268748F000001388",,,"Goat Fuel Wax","Concentrate",,,,"True","206392",,1.1,,,,"S6",,,"Potency, Residual Solvents, Terpenes",,,,"Sarah Otis<sarahotis68@gmail.com>","8/26/15 11:28 AM"
"206391","081715-Q","TR Scientific LLC",,,"8/26/2015",,,,"404R-00015","479404","1A400031268748F000001386",,,"Highwayman #9 Live Wax","Concentrate",,,,"True","206391",,1.1,,,,"S6",,,"Potency, Residual Solvents, Terpenes",,,,"Sarah Otis<sarahotis68@gmail.com>","8/26/15 11:27 AM"
"206390","082415-J","TR Scientific LLC",,,"8/26/2015",,,,"404R-00015","479404","1A400031268748F000001384",,,"Golden Goat","Concentrate",,,,"True","206390",,1.1,,,,"S6",,,"Potency, Residual Solvents, Terpenes",,,,"Sarah Otis<sarahotis68@gmail.com>","8/26/15 11:26 AM"
"206389","081715-R","TR Scientific LLC",,,"8/26/2015",,,,"404R-00015","479404","1A400031268748F000001382",,,"Lemon Flo Wax","Concentrate",,,,"True","206389",,1.1,,,,"S6",,,"Potency, Residual Solvents, Terpenes",,,,"Sarah Otis<sarahotis68@gmail.com>","8/26/15 11:25 AM"
"206388","082015-I","TR Scientific LLC",,,"8/26/2015",,,,"404R-00015","479404","1A400031268748F000001380",,,"Wifi Wax","Concentrate",,,,"True","206388",,1.1,,,,"S6",,,"Potency, Residual Solvents, Terpenes",,,,"Sarah Otis<sarahotis68@gmail.com>","8/26/15 11:24 AM"
"206387","082415-L","TR Scientific LLC",,,"8/26/2015",,,,"404R-00015","479404","1A400031268748F000001378",,,"Highwayman Wax","Concentrate",,,,"True","206387",,1.1,,,,"S6",,,"Potency, Residual Solvents, Terpenes",,,,"Sarah Otis<sarahotis68@gmail.com>","8/26/15 11:23 AM"
"206386","082515-B","TR Scientific LLC",,,"8/26/2015",,,,"404R-00015","479404","1A400031268748F000001376",,,"Orange Herijuana Live Resin","Concentrate",,,,"True","206386",,1.1,,,,"S6",,,"Potency, Residual Solvents, Terpenes",,,,"Sarah Otis<sarahotis68@gmail.com>","8/26/15 11:20 AM"
"206385","082115-K","TR Scientific LLC",,,"8/26/2015",,,,"404R-00015","479404","1A400031268748F000001374",,,"Tiger's Milk Wax","Concentrate",,,,"True","206385",,1.1,,,,"S6",,,"Potency, Residual Solvents, Terpenes",,,,"Sarah Otis<sarahotis68@gmail.com>","8/26/15 11:19 AM"
"206384","082115-P","TR Scientific LLC",,,"8/26/2015",,,,"404R-00015","479404","1A400031268748F000001372",,,"A.R.C. Wax","Concentrate",,,,"True","206384",,1.1,,,,"S6",,,"Potency, Residual Solvents, Terpenes",,,,"Sarah Otis<sarahotis68@gmail.com>","8/26/15 11:17 AM"
"206383","0821015-D","TR Scientific LLC",,,"8/26/2015",,,,"404R-00015","479404","1A400031268748F000001370",,,"Wifi Wax","Concentrate",,,,"True","206383",,1.1,,,,"S6",,,"Potency, Residual Solvents, Terpenes",,,,"Sarah Otis<sarahotis68@gmail.com>","8/26/15 11:16 AM"
"206382","052615-B","TR Scientific LLC",,,"8/26/2015",,,,"404R-00015","479404","1A400031268748F000001164",,,"Blue Dream Decarb","Concentrate",,,,"True","206382",,1.5,,,,"S6",,,"Potency, Residual Solvents, Terpenes",,,,"Sarah Otis<sarahotis68@gmail.com>","8/26/15 11:13 AM"
"206381","042415-E","TR Scientific LLC",,,"8/26/2015",,,,"404R-00015","479404","1A400031268748F000001163",,,"Girl Scout Thin Mint Decarb","Concentrate",,,,"True","206381",,1.5,,,,"S6",,,"Potency, Residual Solvents, Terpenes",,,,"Sarah Otis<sarahotis68@gmail.com>","8/26/15 11:12 AM"
"206380","051915-E","TR Scientific LLC",,,"8/26/2015",,,,"404R-00015","479404","1A400031268748F000001162",,,"Orange Ghost","Concentrate",,,,"True","206380",,1.5,,,,"S6",,,"Potency, Residual Solvents, Terpenes",,,,"Sarah Otis<sarahotis68@gmail.com>","8/26/15 11:11 AM"
"206379","14926","Infuzionz, LLC (The Green Solution)",,,"8/26/2015",,,,"404R-00003","479280","1A4000312687483000015086",,,"Twista Live Resin","Concentrate",,,,,"206379",,0.5,,,,"S4-I17",,,"Potency",,,,"Sarah Otis<sarahotis68@gmail.com>","8/26/15 10:18 AM"
"206378","14802","Infuzionz, LLC (The Green Solution)",,,"8/26/2015",,,,"404R-00003","479280","1A4000312687483000014803",,,"Sativa B-Oil Cartridge","Concentrate",,,,,"206378",,1,,,,"S4-I17",,,"Potency",,,,"Sarah Otis<sarahotis68@gmail.com>","8/26/15 10:16 AM"
"206377","14655","Infuzionz, LLC (The Green Solution)",,,"8/26/2015",,,,"404R-00003","479280","1A4000312687483000014656",,,"Hybrid B-Oil Cartridge","Concentrate",,,,,"206377",,1,,,,"S4-I17",,,"Potency",,,,"Sarah Otis<sarahotis68@gmail.com>","8/26/15 10:15 AM"
"206376","14649","Infuzionz, LLC (The Green Solution)",,,"8/26/2015",,,,"404R-00003","479280","1A4000312687483000014650",,,"Indica B-Oil Cartridge","Concentrate",,,,,"206376",,1,,,,"S4-I17",,,"Potency",,,,"Sarah Otis<sarahotis68@gmail.com>","8/26/15 10:14 AM"
"206375","14645","Infuzionz, LLC (The Green Solution)",,,"8/26/2015",,,,"404R-00003","479280","1A4000312687483000014646",,,"Hybrid B-Oil Cartridge","Concentrate",,,,,"206375",,1,,,,"S4-I17",,,"Potency",,,,"Sarah Otis<sarahotis68@gmail.com>","8/26/15 10:13 AM"
"206374","14238","Infuzionz, LLC (The Green Solution)",,,"8/26/2015",,,,"404R-00003","479280","1A4000312687483000014239",,,"Hybrid Utility Oil","Concentrate",,,,,"206374",,0.5,,,,"S4-I17",,,"Potency",,,,"Sarah Otis<sarahotis68@gmail.com>","8/26/15 10:10 AM"
"206373","PKG 0022","Mile High Wellness",,,"8/26/2015",,"1.6972","True","403R-00548","478881","1A400031266F004000000022",,,"Orange Kush","Flower",,,,,"206373",,1,,,,"S4-F12",,,"Potency",,,"1.727","Sarah Otis<sarahotis68@gmail.com>","8/26/15 9:11 AM"
"206372","PKG 0021","Mile High Wellness",,,"8/26/2015",,"1.6475","True","403R-00548","478881","1A400031266F004000000021",,,"Golden Goat","Flower",,,,,"206372",,1,,,,"S4-F12",,,"Potency",,,"1.6784","Sarah Otis<sarahotis68@gmail.com>","8/26/15 9:09 AM"
"206371","3265 8-25-15 #2","Herbal Medical Institute LLC",,,"8/26/2015",,,,"404-00348","478555","1A400050026875DC00003406",,59,"Greenkure Plus","Liquid Edible",,,,,"206371",,1,,,,"S4-I17",,,"Potency",1,,,"Sarah Otis<sarahotis68@gmail.com>","8/26/15 9:05 AM"
"206370","1759 7-23-15 #1","Herbal Medical Institute LLC",,,"8/26/2015",,,,"404R-00077","478486","1A40003126874CD000002101",,59,"Green Dragon Elixir Retest","Liquid Edible",,,,,"206370",,1,,,,"S4-I17",,,"Homogeneity",1,,,"Sarah Otis<sarahotis68@gmail.com>","8/26/15 9:02 AM"
"206369","1750 8-28-15 #2","Herbal Medical Institute LLC",,,"8/26/2015",,,,"404R-00077","478486","1A40003126874CD000002100",,59,"Green Dragon Elixir THC","Liquid Edible",,,,,"206369",,1,,,,"S4-I17",,,"Homogeneity",1,,,"Sarah Otis<sarahotis68@gmail.com>","8/26/15 9:01 AM"
"206368","1881 8-25-15 #2","Herbal Medical Institute LLC",,,"8/26/2015",,,,"404R-00077","478486","1A40003126874CD000002099",,59,"Gold Dragon CBD","Liquid Edible",,,,,"206368",,1,,,,"S4-I17",,,"Homogeneity",1,,,"Sarah Otis<sarahotis68@gmail.com>","8/26/15 8:58 AM"
"206367","0104 from 0050","EBBU LLC",,,"8/26/2015",,,,"404R-00119","478570","1A40003126874F7000000104",,,"Agent O Syringe","Concentrate",,,,,"206367",,0.5,,,,"S4-I17",,,"Potency",,,,"Sarah Otis<sarahotis68@gmail.com>","8/26/15 8:54 AM"
"206366","0103 from 0097","EBBU LLC",,"8/26/2015","8/26/2015",,,,"404R-00119","478570","1A40003126874F7000000103",,,"RCC","Concentrate","8/26/2015","8/26/2015","Aug 26, 2015 4:54:37 pm",,"206366",,0.5,,,,"S6",,"8/26/2015","Residual Solvents",,,,"Sarah Otis<sarahotis68@gmail.com>","8/26/15 8:52 AM"
"206365","0102 from 0096","EBBU LLC",,"8/26/2015","8/26/2015",,,,"404R-00119","478570","1A40003126874F7000000102",,,"Green Crack","Concentrate","8/26/2015","8/26/2015","Aug 26, 2015 4:30:05 pm",,"206365",,0.5,,,,"S6",,"8/26/2015","Residual Solvents",,,,"Sarah Otis<sarahotis68@gmail.com>","8/26/15 8:51 AM"
"206364","0101 from 0095","EBBU LLC",,"8/26/2015","8/26/2015",,,,"404R-00119","478570","1A40003126874F7000000101",,,"Agent O","Concentrate","8/26/2015","8/26/2015","Aug 26, 2015 4:29:38 pm",,"206364",,0.5,,,,"S6",,"8/26/2015","Residual Solvents",,,,"Sarah Otis<sarahotis68@gmail.com>","8/26/15 8:50 AM"
"206363","0100 from 0097","EBBU LLC",,,"8/26/2015",,,,"404R-00119","478570","1A40003126874F7000000100",,,"RCC","Concentrate",,,,,"206363",,0.5,,,,"S4-I17",,,"Potency",,,,"Sarah Otis<sarahotis68@gmail.com>","8/26/15 8:48 AM"
"206362","0099 from 0096","EBBU LLC",,,"8/26/2015",,,,"404R-00119","478570","1A40003126874F7000000099",,,"Green Crack","Concentrate",,,,,"206362",,0.5,,,,"S4-I17",,,"Potency",,,,"Sarah Otis<sarahotis68@gmail.com>","8/26/15 8:45 AM"
"206361","0098 from 0095","EBBU LLC",,,"8/26/2015",,,,"404R-00119","478570","1A40003126874F7000000098",,,"Agent O","Concentrate",,,,,"206361",,0.5,,,,"S4-I17",,,"Potency",,,,"Sarah Otis<sarahotis68@gmail.com>","8/26/15 8:42 AM"
"206360",,"XG Platinum Corp.  MIP-404R-00100","Aug 26, 2015 6:00:56 pm",,"8/25/2015",,,"True","404R-00100","478316","1A40003126874E4000000833",,,"Retail Wax","Concentrate","8/26/2015","8/26/2015",,,"206360",,1,,,,"s4-I17",,"8/26/2015","Potency",,,,"Stephen Goldman<sgoldman@phytatech.com>","8/25/15 4:18 PM"
"206359",,"XG Platinum Corp.  MIP-404R-00100","Aug 26, 2015 5:58:16 pm",,"8/25/2015",,,"True","404R-00100","478316","1A40003126874E4000000832",,,"Retail Wax","Concentrate","8/26/2015","8/26/2015",,,"206359",,1,,,,"s4-I17",,"8/26/2015","Potency",,,,"Stephen Goldman<sgoldman@phytatech.com>","8/25/15 4:17 PM"
"206358",,"XG Platinum Corp.  MIP-404R-00100","Aug 26, 2015 5:46:35 pm",,"8/25/2015",,,"True","404R-00100","478316","1A40003126874E4000000825",,,"Retail Budder Hash","Concentrate","8/26/2015","8/26/2015",,,"206358",,1,,,,"s4-I17",,"8/26/2015","Potency",,,,"Stephen Goldman<sgoldman@phytatech.com>","8/25/15 4:15 PM"
"206357",,"XG Platinum Corp.  MIP-404R-00100","Aug 26, 2015 5:45:56 pm",,"8/25/2015",,,"True","404R-00100","478316","1A40003126874E4000000839",,,"Retail Platinum PreRoll","Concentrate","8/26/2015","8/26/2015",,,"206357",,1,,,,"s4-I17",,"8/26/2015","Potency",,,,"Stephen Goldman<sgoldman@phytatech.com>","8/25/15 4:13 PM"
"206356",,"Revtec LLC",,,"8/25/2015",,,,"404R-00024","478346","1A4000312687498000003726",,,"Neos Cartridge","Concentrate",,,,,"206356",,1,,,,"s5",,,"Microbial Analysis",,,,"Stephen Goldman<sgoldman@phytatech.com>","8/25/15 4:09 PM"
"206355","08-19","The Green Solution",,,"8/25/2015",,"2.2552",,"403R-00019","476348","1A400031266EDF3000008100",,,"Black Russian","Flower",,,,,"206355",,1.67,,,,"s4-f12",,,"Potency, Terpenes",,,"2.3181","Sarah Otis<sarahotis68@gmail.com>","8/25/15 3:34 PM"
"206354","81715R1","THChocolate LLC (EvoLab)",,,"8/25/2015",,,,"404R-00066","478202","1A40003126874C2000004479",,,"Bwell Kush Terp Juice","Concentrate",,,,,"206354",,0.5,,,,"s4-i17",,,"Potency",,,,"Sarah Otis<sarahotis68@gmail.com>","8/25/15 3:31 PM"
"206353","81715R1","THChocolate LLC (EvoLab)",,,"8/25/2015",,,,"404R-00066","478202","1A40003126874C2000004478",,,"Bwell Kush Dab 2","Concentrate",,,,,"206353",,0.5,,,,"s4-i17",,,"Potency",,,,"Sarah Otis<sarahotis68@gmail.com>","8/25/15 3:30 PM"
"206352","81715R1","THChocolate LLC (EvoLab)",,,"8/25/2015",,,,"404R-00066","478202","1A40003126874C2000004477",,,"Bwell Kush Dab1","Concentrate",,,,,"206352",,0.5,,,,"s4-i17",,,"Potency",,,,"Sarah Otis<sarahotis68@gmail.com>","8/25/15 3:29 PM"
"206351","81715R1","THChocolate LLC (EvoLab)",,,"8/25/2015",,,,"404R-00066","478202","1A40003126874C2000004469",,,"BWell Kush Vape","Concentrate",,,,,"206351",,0.5,,,,"s4-i17",,,"Potency",,,,"Sarah Otis<sarahotis68@gmail.com>","8/25/15 3:25 PM"
"206350","82315AR1","THChocolate LLC (EvoLab)",,,"8/25/2015",,,,"404R-00066","478202","1A40003126874C2000004464",,,"Green Love Potion","Concentrate",,,,,"206350",,0.5,,,,"s4-i17",,,"Potency",,,,"Sarah Otis<sarahotis68@gmail.com>","8/25/15 3:23 PM"
"206349","82415AR3","THChocolate LLC (EvoLab)",,,"8/25/2015",,,,"404R-00066","478910","1A40003126874C2000004460",,,"Topical Oil","Concentrate",,,,,"206349",,0.5,,,,"s4-i17",,,"Potency",,,,"Sarah Otis<sarahotis68@gmail.com>","8/25/15 3:22 PM"
"206348","82415AR3","THChocolate LLC (EvoLab)",,,"8/25/2015",,,,"404R-00066","478202","1A40003126874C2000004457",,,"Chunky Diesel Vape","Concentrate",,,,,"206348",,0.5,,,,"s4-i17",,,"Potency",,,,"Sarah Otis<sarahotis68@gmail.com>","8/25/15 3:20 PM"
"206347","82415AR2","THChocolate LLC (EvoLab)",,,"8/25/2015",,,,"404R-00066","478202","1A40003126874C2000004452",,,"Girl Scout Cookies Vape","Concentrate",,,,,"206347",,0.5,,,,"s4-i17",,,"Potency",,,,"Sarah Otis<sarahotis68@gmail.com>","8/25/15 3:19 PM"
"206346","82415AR1","THChocolate LLC (EvoLab)",,,"8/25/2015",,,,"404R-00066","478202","1A40003126874C2000004447",,,"Nepal Vape","Concentrate",,,,,"206346",,0.5,,,,"s4-i17",,,"Potency",,,,"Sarah Otis<sarahotis68@gmail.com>","8/25/15 3:18 PM"
"206345","82215R2","THChocolate LLC (EvoLab)","Aug 27, 2015 8:14:35 am","8/26/2015","8/25/2015",,,,"404R-00066","478202","1A40003126874C2000004443",,,"White Fire Vape2","Concentrate","8/26/2015","8/26/2015",,,"206345",,0.5,,,,"s4-i17",,"8/26/2015","Potency",,,,"Sarah Otis<sarahotis68@gmail.com>","8/25/15 3:16 PM"
"206344","82215R1","THChocolate LLC (EvoLab)",,"8/26/2015","8/25/2015",,,,"404R-00066","478202","1A40003126874C2000004393",,,"Scott's OG","Concentrate","8/26/2015","8/26/2015",,,"206344",,0.5,,,,"s4-i17",,"8/26/2015","Potency",,,,"Sarah Otis<sarahotis68@gmail.com>","8/25/15 3:15 PM"
"206343","82215R3","THChocolate LLC (EvoLab)","Aug 27, 2015 8:15:08 am","8/26/2015","8/25/2015",,,,"404R-00066","478202","1A40003126874C2000004391",,,"Super Skunk Vape2","Concentrate","8/26/2015","8/26/2015",,,"206343",,0.5,,,,"s4-i17",,"8/26/2015","Potency",,,,"Sarah Otis<sarahotis68@gmail.com>","8/25/15 3:12 PM"
"206342","82115R1","THChocolate LLC (EvoLab)","Aug 27, 2015 8:15:02 am","8/26/2015","8/25/2015",,,,"404R-00066","478202","1A40003126874C2000004389",,,"Jilly's Cookies Vape2","Concentrate","8/26/2015","8/26/2015",,,"206342",,0.5,,,,"s4-i17",,"8/26/2015","Potency",,,,"Sarah Otis<sarahotis68@gmail.com>","8/25/15 3:10 PM"
"206341","80615M2","THChocolate LLC (EvoLab)","Aug 27, 2015 8:13:08 am","8/26/2015","8/25/2015",,,,"404-00048","477910","1A400050026874B000005632",,,"Sour Caddy Dab","Concentrate","8/26/2015","8/26/2015",,,"206341",,0.5,,,,"s4-i17",,"8/26/2015","Potency",,,,"Sarah Otis<sarahotis68@gmail.com>","8/25/15 3:05 PM"
"206340","80615M2","THChocolate LLC (EvoLab)","Aug 27, 2015 8:13:12 am","8/26/2015","8/25/2015",,,,"404-00048","477910","1A400050026874B000005631",,,"Sour Caddy Vape","Concentrate","8/26/2015","8/26/2015",,,"206340",,0.5,,,,"s4-i17",,"8/26/2015","Potency",,,,"Sarah Otis<sarahotis68@gmail.com>","8/25/15 3:04 PM"
"206339","80715M2","THChocolate LLC (EvoLab)","Aug 27, 2015 8:13:16 am","8/26/2015","8/25/2015",,,,"404-00048","477910","1A400050026874B000005630",,,"Swiss Gold Dab","Concentrate","8/26/2015","8/26/2015",,,"206339",,0.5,,,,"s4-i17",,"8/26/2015","Potency",,,,"Sarah Otis<sarahotis68@gmail.com>","8/25/15 3:00 PM"
"206338","80715M2","THChocolate LLC (EvoLab)","Aug 27, 2015 8:13:26 am","8/26/2015","8/25/2015",,,,"404-00048","477910","1A400050026874B000005629",,,"Swiss Gold Vape","Concentrate","8/26/2015","8/26/2015",,,"206338",,0.5,,,,"s4-i17",,"8/26/2015","Potency",,,,"Sarah Otis<sarahotis68@gmail.com>","8/25/15 2:59 PM"
"206337","80715M1","THChocolate LLC (EvoLab)","Aug 27, 2015 8:13:33 am","8/26/2015","8/25/2015",,,,"404-00048","477910","1A400050026874B000005628",,,"Sour Tsunami Dab","Concentrate","8/26/2015","8/26/2015",,,"206337",,0.5,,,,"s4-i17",,"8/26/2015","Potency",,,,"Sarah Otis<sarahotis68@gmail.com>","8/25/15 2:56 PM"
"206336","807156M1","THChocolate LLC (EvoLab)",,"8/26/2015","8/25/2015",,,,"404-00048","477910","1A400050026874B000005627",,,"Sour Tsunami Vape","Concentrate","8/26/2015","8/26/2015",,,"206336",,0.5,,,,"s4-i17",,"8/26/2015","Potency",,,,"Sarah Otis<sarahotis68@gmail.com>","8/25/15 2:53 PM"
"206335","80615M1","THChocolate LLC (EvoLab)",,"8/26/2015","8/25/2015",,,,"404-00048","477910","1A400050026874B000005626",,,"Harlequin Dab","Concentrate","8/26/2015","8/26/2015",,,"206335",,0.5,,,,"s4-i17",,"8/26/2015","Potency",,,,"Sarah Otis<sarahotis68@gmail.com>","8/25/15 2:46 PM"
"206334","80615M1","THChocolate LLC (EvoLab)",,"8/26/2015","8/25/2015",,,,"404-00048","477910","1A400050026874B000005625",,,"Harlequin Vape","Concentrate","8/26/2015","8/26/2015",,,"206334",,0.5,,,,"s4-i17",,"8/26/2015","Potency",,,,"Sarah Otis<sarahotis68@gmail.com>","8/25/15 2:44 PM"
"206333","81015M1","THChocolate LLC (EvoLab)",,"8/26/2015","8/25/2015",,,,"404-00048","477910","1A400050026874B000005624",,,"CBD Sugar #2 Dab","Concentrate","8/26/2015","8/26/2015",,,"206333",,0.5,,,,"s4-i17",,"8/26/2015","Potency",,,,"Sarah Otis<sarahotis68@gmail.com>","8/25/15 2:43 PM"
"206332","81015M1","THChocolate LLC (EvoLab)","Aug 27, 2015 8:14:07 am","8/26/2015","8/25/2015",,,,"404-00048","477910","1A400050026874B000005623",,,"CBD Sugar #2 Vape","Concentrate","8/26/2015","8/26/2015",,,"206332",,0.5,,,,"s4-i17",,"8/26/2015","Potency",,,,"Sarah Otis<sarahotis68@gmail.com>","8/25/15 2:41 PM"
"206331","80515M2","THChocolate LLC (EvoLab)","Aug 27, 2015 8:14:02 am","8/26/2015","8/25/2015",,,,"404-00048","477910","1A400050026874B000005622",,,"Fem Diesel Dab","Concentrate","8/26/2015","8/26/2015",,,"206331",,0.5,,,,"s4-i17",,"8/26/2015","Potency",,,,"Sarah Otis<sarahotis68@gmail.com>","8/25/15 2:39 PM"
"206330","M0515M2","THChocolate LLC (EvoLab)","Aug 27, 2015 8:13:57 am","8/26/2015","8/25/2015",,,,"404-00048","477910","1A400050026874B000005621",,,"Fem Diesel Vape","Concentrate","8/26/2015","8/26/2015",,,"206330",,0.5,,,,"s4-i17",,"8/26/2015","Potency",,,,"Sarah Otis<sarahotis68@gmail.com>","8/25/15 2:34 PM"
"206329","80415M3","THChocolate LLC (EvoLab)","Aug 27, 2015 8:13:53 am","8/26/2015","8/25/2015",,,,"404-00048","477910","1A400050026874B000005620",,,"CBDiesel Dab","Concentrate","8/26/2015","8/26/2015",,,"206329",,0.5,,,,"s4-i17",,"8/26/2015","Potency",,,,"Sarah Otis<sarahotis68@gmail.com>","8/25/15 2:32 PM"
"206328","80415M3","THChocolate LLC (EvoLab)","Aug 27, 2015 8:13:47 am","8/26/2015","8/25/2015",,,,"404-00048","477910","1A400050026874B000005619",,,"CBDiesel Vape","Concentrate","8/26/2015","8/26/2015",,,"206328",,0.5,,,,"s4-i17",,"8/26/2015","Potency",,,,"Sarah Otis<sarahotis68@gmail.com>","8/25/15 2:31 PM"
"206327","80715M3","THChocolate LLC (EvoLab)",,"8/26/2015","8/25/2015",,,,"404-00048","477910","1A400050026874B000005618",,,"CBD Blend #1 Dab","Concentrate","8/26/2015","8/26/2015",,,"206327",,0.5,,,,"s4-i17",,"8/26/2015","Potency",,,,"Sarah Otis<sarahotis68@gmail.com>","8/25/15 2:29 PM"
"206326","80715M3","THChocolate LLC (EvoLab)","Aug 27, 2015 8:13:40 am","8/26/2015","8/25/2015",,,,"404-00048","477910","1A400050026874B000005617",,,"CBD Blend #1 Vape","Concentrate","8/26/2015","8/26/2015",,,"206326",,0.5,,,,"s4-i17",,"8/26/2015","Potency",,,,"Sarah Otis<sarahotis68@gmail.com>","8/25/15 2:28 PM"
"206325","80915M1","THChocolate LLC (EvoLab)",,,"8/25/2015",,,,"404-00048","477910","1A400050026874B000004609",,,"CBD Sugar Dab","Concentrate",,,,,"206325",,0.5,,,,"s4-i17",,,"Potency",,,,"Sarah Otis<sarahotis68@gmail.com>","8/25/15 2:23 PM"
"206324","80915M1","THChocolate LLC (EvoLab)",,"8/26/2015","8/25/2015",,,,"404-00048","477910","1A400050026874B000004608",,,"CBD Sugar Vape","Concentrate","8/26/2015","8/26/2015",,,"206324",,0.5,,,,"s4-i17",,"8/26/2015","Potency",,,,"Sarah Otis<sarahotis68@gmail.com>","8/25/15 2:18 PM"
"206323","MFD39.1","Cold Baked LLC",,,"8/25/2015",,,,"404-00345","476352","1A400050026875D900001191",,,"Dabble Hash Shatter","Concentrate",,,,,"206323",,0.5,,,,"s4-i17",,,"Terpenes",,,,"Sarah Otis<sarahotis68@gmail.com>","8/25/15 2:13 PM"
"206322",,"Revtec LLC",,"8/26/2015","8/25/2015",,,,"404R-00024","477775","1A4000312687498000003716",,,"Caviar Sample Wax","Concentrate","8/26/2015","8/26/2015",,,"206322",,1,,,,"s6",,"8/26/2015","Potency, Residual Solvents",,,,"Jessica Reedy<jreedy@phytatech.com>","8/25/15 12:47 PM"
"206321","14381","Infuzionz, LLC (The Green Solution)","Aug 27, 2015 7:27:18 am","8/26/2015","8/25/2015",,,,"404R-00003","476489","1A4000312687483000014775",,,"Sativa B-Oil Dropz","Concentrate","8/26/2015","8/26/2015",,,"206321",,0.5,,,,"s4-i17",,"8/26/2015","Potency",,,,"Jessica Reedy<jreedy@phytatech.com>","8/25/15 11:38 AM"
"206320","14702","Infuzionz, LLC (The Green Solution)",,"8/26/2015","8/25/2015",,,,"404R-00003","476489","1A4000312687483000014704",,,"Flo Wax","Concentrate","8/26/2015","8/26/2015",,,"206320",,0.5,,,,"s4-i17",,"8/26/2015","Potency",,,,"Jessica Reedy<jreedy@phytatech.com>","8/25/15 11:36 AM"
"206319","14700","Infuzionz, LLC (The Green Solution)",,"8/26/2015","8/25/2015",,,,"404R-00003","476489","1A4000312687483000014701",,,"Flo Slipper Wax","Concentrate","8/26/2015","8/26/2015",,,"206319",,0.5,,,,"s4-i17",,"8/26/2015","Potency",,,,"Jessica Reedy<jreedy@phytatech.com>","8/25/15 11:35 AM"
"206318","14697","Infuzionz, LLC (The Green Solution)",,"8/26/2015","8/25/2015",,,,"404R-00003","476489","1A4000312687483000014698",,,"Atlantis Wax","Concentrate","8/26/2015","8/26/2015",,,"206318",,0.5,,,,"s4-i17",,"8/26/2015","Potency",,,,"Jessica Reedy<jreedy@phytatech.com>","8/25/15 11:33 AM"
"206317","14664","Infuzionz, LLC (The Green Solution)",,"8/26/2015","8/25/2015",,,,"404R-00003","476489","1a4000312687483000014665",,,"OG Kush Skunk #1 Wax","Concentrate","8/26/2015","8/26/2015",,,"206317",,0.5,,,,"s4-i17",,"8/26/2015","Potency",,,,"Jessica Reedy<jreedy@phytatech.com>","8/25/15 11:32 AM"
"206316","6034","The Green Solution",,"8/26/2015","8/25/2015",,"1.8116",,"403-00179","477651","1A4000500266EE9300006052",,,"FLOx WB3 #13","Flower","8/26/2015","8/26/2015",,,"206316",,1.06,,,,"S4-F12",,,"Potency, Terpenes",,,"1.84","Jessica Reedy<jreedy@phytatech.com>","8/25/15 11:28 AM"
"206315","6033","The Green Solution",,"8/26/2015","8/25/2015",,"1.7892",,"403-00179","477651","1A4000500266EE9300006053",,,"FLOxWB3 #6","Flower","8/26/2015","8/26/2015",,,"206315",,1.01,,,,"S4-F12",,,"Potency, Terpenes",,,"1.8157","Jessica Reedy<jreedy@phytatech.com>","8/25/15 11:25 AM"
"206314","6018","The Green Solution",,"8/26/2015","8/25/2015",,"1.7831",,"403-00179","477651","1A4000500266EE9300006051",,,"FLOxWB3 #56","Flower","8/26/2015","8/26/2015",,,"206314",,1,,,,"S4-F12",,,"Potency, Terpenes",,,"1.8104","Jessica Reedy<jreedy@phytatech.com>","8/25/15 11:21 AM"
"206313","6016","The Green Solution",,"8/26/2015","8/25/2015",,"1.8288",,"403-00179","477651","1A4000500266EE9300006048",,,"FLOxWB3 #33","Flower","8/26/2015","8/26/2015",,,"206313",,1.03,,,,"S4-F12",,,"Potency, Terpenes",,,"1.8546","Jessica Reedy<jreedy@phytatech.com>","8/25/15 11:16 AM"
"206312","6013","The Green Solution",,"8/26/2015","8/25/2015",,"1.7226",,"403-00179","477651","1A4000500266EE9300006049",,,"FLOxWB3 #64","Flower","8/26/2015","8/26/2015",,,"206312",,0.93,,,,"s4-f12",,,"Potency, Terpenes",,,"1.7446","Jessica Reedy<jreedy@phytatech.com>","8/25/15 11:13 AM"
"206311",,"The Green Solution",,"8/26/2015","8/25/2015",,"1.8419",,"403-00179","477651","1A4000500266EE9300006050",,,"FLOxWB3 #35","Flower","8/26/2015","8/26/2015",,,"206311",,1.17,,,,"s4-f12",,,"Potency, Terpenes",,,"1.8691","Jessica Reedy<jreedy@phytatech.com>","8/25/15 11:09 AM"
"206310","M0096","EBBU LLC","Aug 26, 2015 7:40:23 pm","8/25/2015","8/24/2015",,,,"404-00440","476218","1A4000500268763800000108-190",,,"Hash 190 Micron","Concentrate","8/25/2015","8/25/2015",,,"206310",,0.5,,,,"S4-I17",,"8/25/2015","Potency",,,,"Sarah Otis<sarahotis68@gmail.com>","8/24/15 3:34 PM"
"206309","M0096","EBBU LLC","Aug 26, 2015 7:40:01 pm","8/25/2015","8/24/2015",,,,"404-00440","476218","1A4000500268763800000108-73",,,"Hash 73 Micron","Concentrate","8/25/2015","8/25/2015",,,"206309",,0.5,,,,"S4-I17",,"8/25/2015","Potency",,,,"Sarah Otis<sarahotis68@gmail.com>","8/24/15 3:34 PM"
"206308","M0096","EBBU LLC","Aug 26, 2015 7:39:25 pm","8/25/2015","8/24/2015",,,,"404-00440","476218","1A4000500268763800000108-25",,,"Hash 25 Micron","Concentrate","8/25/2015","8/25/2015",,,"206308",,0.5,,,,"S4-I17",,"8/25/2015","Potency",,,,"Sarah Otis<sarahotis68@gmail.com>","8/24/15 3:31 PM"
"206307","M0102","EBBU LLC","Aug 26, 2015 7:39:05 pm","8/25/2015","8/24/2015",,,,"404-00440","476218","1A4000500268763800000107-190",,,"Hash 190 Micron","Concentrate","8/25/2015","8/25/2015",,,"206307",,0.5,,,,"S4-I17",,"8/25/2015","Potency",,,,"Sarah Otis<sarahotis68@gmail.com>","8/24/15 3:29 PM"
"206306","M0102","EBBU LLC","Aug 26, 2015 7:38:43 pm","8/25/2015","8/24/2015",,,,"404-00440","476218","1A4000500268763800000107-120",,,"Hash 120 Micron","Concentrate","8/25/2015","8/25/2015",,,"206306",,0.5,,,,"S4-I17",,"8/25/2015","Potency",,,,"Sarah Otis<sarahotis68@gmail.com>","8/24/15 3:28 PM"
"206305","M0102","EBBU LLC","Aug 26, 2015 7:38:21 pm","8/25/2015","8/24/2015",,,,"404-00440","476218","1A4000500268763800000107-73",,,"Hash 73 Micron","Concentrate","8/25/2015","8/25/2015",,,"206305",,0.5,,,,"S4-I17",,"8/25/2015","Potency",,,,"Sarah Otis<sarahotis68@gmail.com>","8/24/15 3:27 PM"
"206304","M0102","EBBU LLC","Aug 26, 2015 7:32:41 pm","8/25/2015","8/24/2015",,,,"404-00440","476218","1A4000500268763800000107-25",,,"Hash 25 Micron","Concentrate","8/25/2015","8/25/2015",,,"206304",,0.5,,,,"S4-I17",,"8/25/2015","Potency",,,,"Sarah Otis<sarahotis68@gmail.com>","8/24/15 3:20 PM"
